﻿{
  
  "time": {
    "offset": 0
  },
  "server": {
    "name": "untitled-server",
    "port": 3000,
    "passcodes": {
      "OWNER": "" ,
      "ADMIN": "" ,
      "MODr": "" ,
      "HELPr": "" ,
      "REMOTE": "lbozo" ,
      "salt": "" ,
      "manAuthStartup": "false" 
    },
    "startUpDelay": 0 ,
    "manAuthStartup": "false",
    "owner": "40476",
    "console":{
      "consoleRefreshRate": 1000 ,
      "uptime2HMS":false
    }
  },
  "accounts": {
    "requireLogin": true
  },
  "rm_publicLogs_startup": true ,
  "showAdvancedConnectionData": false ,
  "chat": {
    "filter": true ,
    "commandprefix": "/",
    "messagecap": [false, 3, 1000] 
  },
  "ranks": {
    "owner": {
      "symbol": { "s": "{", "e": "}" },
      "rank": 4
    },
    "admin": {
      "symbol": { "s": "@", "e": "" },
      "rank": 3
    },
    "moderator": {
      "symbol": { "s": "$", "e": "" },
      "rank": 2
    },
    "helper": {
      "symbol": { "s": ".", "e": "" },
      "rank": 1
    },
    "user": {
      "symbol": { "s": "", "e": "" },
      "rank": 0
    }
  },
  "SRV": []
}
